Workbook

Sheet LTR Financial Study
A5: Option 1 : add additional room instead of living room
H6: Best Case | I6: Base Case | J6: Worst Case | K6: Type | L6: Unit
H7: =D9 -> 4500 | I7: =C9 -> 4200 | J7: =B9 -> 3592 | K7: ماستر داخلي | L7: {=SEQUENCE(4,1,1,1)} -> 1
A8: Based on Historical Data | H8: =$D$10 -> 3900 | I8: =$C$10 -> 3499 | J8: =$B$10 -> 2952 | K8: غرفة سكنية وسط | L8: 2
A9: Internal Master | B9: 3592 | C9: 4200 | D9: 4500 | H9: =$D$10 -> 3900 | I9: =$C$10 -> 3499 | J9: =$B$10 -> 2952 | K9: غرفة سكنية وسط | L9: 3
A10: Medium room | B10: 2952 | C10: 3499 | D10: 3900 | H10: =D11 -> 4050 | I10: =C11 -> 3780 | J10: =B11 -> 3232.8 | K10: ماستر خارجي | L10: 4
A11: External Master | B11: =B9*0.9 -> 3232.8 | C11: =C9*0.9 -> 3780 | D11: =D9*0.9 -> 4050
H12: =SUM(H$7:H$10)*12 -> 196200 | I12: =SUM(I$7:I$10)*12 -> 179736 | J12: =SUM(J$7:J$10)*12 -> 152745.6 | K12: Total

Sheet LTR Study Summary
G9: Financial Study - Qayrawan
G10: Worst Case | L10: Base Case | P10: Best Case | T10: Scenarios
F11: ='LTR Financial Study'!J12 -> 152745.6 | L11: ='LTR Financial Study'!I12 -> 179736 | P11: ='LTR Financial Study'!H12 -> 196200 | T11: Revenue at 100% occupancy
F12: 0.6 | G12: 0.7 | H12: 0.8 | I12: 0.9 | K12: 0.6 | L12: 0.7 | M12: 0.8 | N12: 0.9 | O12: 0.6 | P12: 0.7 | Q12: 0.8 | R12: 0.9 | T12: Varying occupancy scenario
F13: =F12*F11 -> 91647.36 | G13: =F11*G12 -> 106921.92 | H13: =F11*H12 -> 122196.48 | I13: =F11*I12 -> 137471.04 | K13: =L11*K12 -> 107841.6 | L13: =L11*L12 -> 125815.2 | M13: =L11*M12 -> 143788.8 | N13: =L11*N12 -> 161762.4 | O13: =P11*O12 -> 117720 | P13: =P11*P12 -> 137340 | Q13: =P11*Q12 -> 156960 | R13: =P11*R12 -> 176580 | T13: Revenue pre deductions
F14: =F13*(1-$T$15) -> 68735.52 | G14: =G13*(1-$T$15) -> 80191.44 | H14: =H13*(1-$T$15) -> 91647.36 | I14: =I13*(1-$T$15) -> 103103.28 | K14: =K13*(1-$T$15) -> 80881.2 | L14: =L13*(1-$T$15) -> 94361.4 | M14: =M13*(1-$T$15) -> 107841.6 | N14: =N13*(1-$T$15) -> 121321.8 | O14: =O13*(1-$T$15) -> 88290 | P14: =P13*(1-$T$15) -> 103005 | Q14: =Q13*(1-$T$15) -> 117720 | R14: =R13*(1-$T$15) -> 132435 | T14: Net revenue after deducting Mathwaa share
T15: 0.25
F16: =F14/12/5 -> 1145.592 | G16: =G14/12/5 -> 1336.524 | H16: =H14/12/5 -> 1527.456 | I16: =I14/12/5 -> 1718.388 | K16: =K14/12/5 -> 1348.02 | L16: =L14/12/5 -> 1572.69 | M16: =M14/12/5 -> 1797.36 | N16: =N14/12/5 -> 2022.03 | O16: =O14/12/5 -> 1471.5 | P16: =P14/12/5 -> 1716.75 | Q16: =Q14/12/5 -> 1962 | R16: =R14/12/5 -> 2207.25 | T16: Monthly Revenue per unit
F17: =F16*12 -> 13747.104 | G17: =G16*12 -> 16038.288 | H17: =H16*12 -> 18329.472 | I17: =I16*12 -> 20620.656 | K17: =K16*12 -> 16176.24 | L17: =L16*12 -> 18872.28 | M17: =M16*12 -> 21568.32 | N17: =N16*12 -> 24264.36 | O17: =O16*12 -> 17658 | P17: =P16*12 -> 20601 | Q17: =Q16*12 -> 23544 | R17: =R16*12 -> 26487 | T17: Annual Revenue per unit

Sheet Option 2 LTR Financial Study
A5: Option 2 : keep it the same as 3BR
H6: Best Case | I6: Base Case | J6: Worst Case | K6: Type | L6: Unit
H7: =D9 -> 4950 | I7: =C9 -> 4620 | J7: =B9 -> 3951.2 | K7: ماستر داخلي | L7: {=SEQUENCE(3,1,1,1)} -> 1
A8: Based on Historical Data | H8: =$D$11 -> 4290 | I8: =$C$11 -> 3848.9 | J8: =$B$11 -> 3247.2 | K8: غرفة سكنية وسط | L8: 2
A9: Internal Master | B9: =3592*1.1 -> 3951.2 | C9: =4200*1.1 -> 4620 | D9: =4500*1.1 -> 4950 | H9: =$D$11 -> 4290 | I9: =$C$11 -> 3848.9 | J9: =$B$11 -> 3247.2 | K9: غرفة سكنية وسط | L9: 3
A11: Medium room | B11: =2952*1.1 -> 3247.2 | C11: =3499*1.1 -> 3848.9 | D11: =3900*1.1 -> 4290 | H11: =SUM(H$7:H$9)*12 -> 162360 | I11: =SUM(I$7:I$9)*12 -> 147813.6 | J11: =SUM(J$7:J$9)*12 -> 125347.2 | K11: Total

Sheet Option 2 LTR Study Summary
G9: Financial Study - Qayrawan
G10: Worst Case | L10: Base Case | P10: Best Case | T10: Scenarios
F11: ='Option 2 LTR Financial Study'!J11 -> 125347.2 | L11: ='Option 2 LTR Financial Study'!I11 -> 147813.6 | P11: ='Option 2 LTR Financial Study'!H11 -> 162360 | T11: Revenue at 100% occupancy
F12: 0.6 | G12: 0.7 | H12: 0.8 | I12: 0.9 | K12: 0.6 | L12: 0.7 | M12: 0.8 | N12: 0.9 | O12: 0.6 | P12: 0.7 | Q12: 0.8 | R12: 0.9 | T12: Varying occupancy scenario
F13: =F12*F11 -> 75208.32 | G13: =F11*G12 -> 87743.04 | H13: =F11*H12 -> 100277.76 | I13: =F11*I12 -> 112812.48 | K13: =L11*K12 -> 88688.16 | L13: =L11*L12 -> 103469.52 | M13: =L11*M12 -> 118250.88 | N13: =L11*N12 -> 133032.24 | O13: =P11*O12 -> 97416 | P13: =P11*P12 -> 113652 | Q13: =P11*Q12 -> 129888 | R13: =P11*R12 -> 146124 | T13: Revenue pre deductions
F14: =F13*(1-$T$15) -> 56406.24 | G14: =G13*(1-$T$15) -> 65807.28 | H14: =H13*(1-$T$15) -> 75208.32 | I14: =I13*(1-$T$15) -> 84609.36 | K14: =K13*(1-$T$15) -> 66516.12 | L14: =L13*(1-$T$15) -> 77602.14 | M14: =M13*(1-$T$15) -> 88688.16 | N14: =N13*(1-$T$15) -> 99774.18 | O14: =O13*(1-$T$15) -> 73062 | P14: =P13*(1-$T$15) -> 85239 | Q14: =Q13*(1-$T$15) -> 97416 | R14: =R13*(1-$T$15) -> 109593 | T14: Net revenue after deducting Mathwaa share
T15: 0.25
F16: =F14/12 -> 4700.52 | G16: =G14/12 -> 5483.94 | H16: =H14/12 -> 6267.36 | I16: =I14/12 -> 7050.78 | K16: =K14/12 -> 5543.01 | L16: =L14/12 -> 6466.845 | M16: =M14/12 -> 7390.68 | N16: =N14/12 -> 8314.515 | O16: =O14/12 -> 6088.5 | P16: =P14/12 -> 7103.25 | Q16: =Q14/12 -> 8118 | R16: =R14/12 -> 9132.75 | T16: Monthly Revenue per unit

Sheet STR Study Worksheet
O5: No. of units | P5: Type
O6: 4 | P6: 1Bd
O7: 2 | P7: Studio
O8: 3 | P8: 2Bd
L12: Financial Study - Al Nuzhah
F13: Worst Case | L13: Base Case | R13: Best Case | X13: Scenarios
F14: ='STR Financial Study'!J60 -> #REF! | L14: ='STR Financial Study'!I60 -> #REF! | R14: ='STR Financial Study'!H60 -> #REF! | X14: Revenue at 100% occupancy
F15: 0.4 | G15: 0.5 | H15: 0.6 | I15: 0.7 | J15: 0.8 | K15: 0.9 | L15: 0.4 | M15: 0.5 | N15: 0.6 | O15: 0.7 | P15: 0.8 | Q15: 0.9 | R15: 0.4 | S15: 0.5 | T15: 0.6 | U15: 0.7 | V15: 0.8 | W15: 0.9 | X15: Varying occupancy scenario
F16: =F14*F15 -> #REF! | G16: =F14*G15 -> #REF! | H16: =F14*H15 -> #REF! | I16: =F14*I15 -> #REF! | J16: =F14*J15 -> #REF! | K16: =F14*K15 -> #REF! | L16: =L14*L15 -> #REF! | M16: =L14*M15 -> #REF! | N16: =L14*N15 -> #REF! | O16: =L14*O15 -> #REF! | P16: =L14*P15 -> #REF! | Q16: =L14*Q15 -> #REF! | R16: =R14*R15 -> #REF! | S16: =R14*S15 -> #REF! | T16: =R14*T15 -> #REF! | U16: =R14*U15 -> #REF! | V16: =R14*V15 -> #REF! | W16: =R14*W15 -> #REF! | X16: Net revenue before deducting Mathwaa share
F17: Done | G17: Done | H17: Done | I17: Done | J17: Done | K17: Done | L17: Done | M17: Done | N17: Done | O17: Done | P17: Done | Q17: Done | R17: Done | S17: Done | T17: Done | U17: Done | V17: Done | W17: Done | X17: Dashboard Verification Status
F18: 265732 | G18: 332164 | H18: 398598 | I18: 465030 | J18: 531464 | K18: 597897 | L18: 323052 | M18: 403815 | N18: 484578 | O18: 565340 | P18: 646103 | Q18: 726866 | R18: 379906 | S18: 474883 | T18: 569860 | U18: 664836 | V18: 759813 | W18: 854790 | X18: Net revenue after deducting Mathwaa share 20%
F19: Done | G19: Done | H19: Done | I19: Done | J19: Done | K19: Done | L19: Done | M19: Done | N19: Done | O19: Done | P19: Done | Q19: Done | R19: Done | S19: Done | T19: Done | U19: Done | V19: Done | W19: Done | X19: Dashboard Verification Status
F20: 232515 | G20: 290644 | H20: 348773 | I20: 406901 | J20: 465031 | K20: 523159 | L20: 282679 | M20: 353338 | N20: 424005 | O20: 494673 | P20: 565341 | Q20: 636008 | R20: 332418 | S20: 415523 | T20: 498627 | U20: 581732 | V20: 664836 | W20: 747941 | X20: Net revenue after deducting Mathwaa share 30%
F21: Done | G21: Done | H21: Done | I21: Done | J21: Done | K21: Done | L21: Done | M21: Done | N21: Done | O21: Done | P21: Done | Q21: Done | R21: Done | S21: Done | T21: Done | U21: Done | V21: Done | W21: Done
